,mean,std
val_mse,5956.714222495126,10904.69967713561
val_rmse,61.60901735860896,25.226470859921353
val_mae,46.211765042822385,22.82674625949215
val_r2,0.9917329863267309,0.014254978997597697
val_mape,0.43443263738651067,0.181528509419168
val_max_ape,2.0868343286614595,0.41623447214072956
val_direction_accuracy,0.8189954150082495,0.008230560230419
