,mean,std
val_mse,26945.60975229194,33152.7188567501
val_rmse,144.02207813268447,53.8229630383439
val_mae,115.05926752312443,49.63713490770762
val_r2,0.9487878496918679,0.0746285985600159
val_mape,1.0357405064747494,0.411318719887449
val_max_ape,4.2896820345744935,1.1342353430360623
val_direction_accuracy,0.7219560114618311,0.02017722764593087
